time,lat,lon,alt,heading,glitch_x,glitch_y,event
1784908838.1325274,-35.363262,149.1652373,0.003,351.98,0,0,ENTER_AUTO
1784908838.1331277,-35.363262,149.1652373,0.003,351.98,0,0,
1784908838.2339067,-35.363262,149.1652373,0.003,351.98,0,0,
1784908838.3346503,-35.363262,149.1652373,0.003,351.98,0,0,
1784908838.4355507,-35.363262,149.1652373,0.003,351.97,0,0,
1784908838.5366437,-35.363262,149.1652373,0.003,351.97,0,0,
1784908838.6374588,-35.363262,149.1652373,0.003,351.97,0,0,
1784908838.7386358,-35.363262,149.1652373,0.003,351.97,0,0,
1784908838.8394666,-35.363262,149.1652373,0.003,351.97,0,0,
1784908838.9400976,-35.3632623,149.1652376,8.998,353.43,0,0,
1784908839.041326,-35.3632622,149.1652376,8.998,353.44,0,0,
1784908839.142925,-35.3632621,149.1652375,8.998,353.5,0,0,
1784908839.2445226,-35.3632618,149.1652371,8.999,353.73,0,0,
1784908839.3553472,-35.3632612,149.1652364,9.0,354.23,0,0,
1784908839.6051478,-35.3632603,149.1652352,9.002,353.42,0,0,
1784908839.855841,-35.3632589,149.1652336,9.005,342.61,0,0,
1784908840.1066291,-35.3632571,149.1652314,9.008,325.28,0,0,
1784908840.354347,-35.3632547,149.1652285,9.012,312.07,0,0,
1784908840.6050935,-35.3632517,149.1652249,9.018,311.0,0,0,
1784908840.8555157,-35.3632481,149.1652205,9.024,314.16,0,0,
1784908841.106323,-35.3632436,149.1652153,9.032,315.72,0,0,
1784908841.3577163,-35.3632384,149.1652089,9.042,315.69,0,0,
1784908841.6039174,-35.3632322,149.1652016,9.053,315.35,0,0,
1784908841.8545787,-35.3632253,149.1651932,9.066,315.23,0,0,
1784908842.1069427,-35.3632175,149.1651837,9.08,315.24,0,0,
1784908842.358164,-35.3632088,149.1651733,9.095,315.27,0,0,
1784908842.6079278,-35.3631992,149.1651617,9.111,315.28,0,0,
1784908842.8582125,-35.3631888,149.1651492,9.127,315.28,0,0,
1784908843.1056027,-35.3631775,149.1651355,9.145,315.29,0,0,
1784908843.358262,-35.3631654,149.165121,9.164,315.3,0,0,
1784908843.6076975,-35.3631527,149.1651056,9.184,315.3,0,0,
1784908843.8581092,-35.3631394,149.1650896,9.205,315.31,0,0,
1784908844.1046996,-35.3631256,149.165073,9.227,315.31,0,0,
1784908844.3588037,-35.3631114,149.1650558,9.249,315.32,0,0,
1784908844.6065266,-35.3630968,149.1650382,9.272,315.32,0,0,
1784908844.856763,-35.3630819,149.1650202,9.295,315.32,0,0,
1784908845.1075706,-35.3630669,149.1650021,9.319,315.32,0,0,
1784908845.3606634,-35.3630516,149.1649836,9.343,315.33,0,0,
1784908845.6035903,-35.3630363,149.1649652,9.367,315.34,0,0,
1784908845.8581343,-35.363021,149.1649466,9.39,315.34,0,0,
1784908846.1055813,-35.3630056,149.1649281,9.413,315.35,0,0,
1784908846.3586304,-35.3629902,149.1649094,9.435,315.35,0,0,
1784908846.607277,-35.3629747,149.1648907,9.458,315.35,0,0,
1784908846.8577886,-35.3629591,149.1648718,9.481,315.35,0,0,
1784908847.1086297,-35.3629436,149.1648531,9.505,315.36,0,0,
1784908847.3569078,-35.362928,149.1648343,9.529,315.37,0,0,
1784908847.6069353,-35.3629124,149.1648154,9.554,315.36,0,0,
1784908847.8542926,-35.3628967,149.1647964,9.578,315.37,0,0,
1784908848.1066685,-35.3628809,149.1647774,9.602,315.38,0,0,
1784908848.3622966,-35.3628651,149.1647584,9.627,315.38,0,0,
1784908848.6082776,-35.3628493,149.1647394,9.652,315.37,0,0,
1784908848.859004,-35.3628334,149.1647202,9.677,315.38,0,0,
1784908849.1036937,-35.3628176,149.1647012,9.703,315.38,0,0,
1784908849.356952,-35.3628017,149.1646821,9.728,315.39,0,0,
1784908849.6052685,-35.3627858,149.1646629,9.753,315.4,0,0,
1784908849.8557255,-35.3627699,149.1646438,9.779,315.4,0,0,
1784908850.109573,-35.362754,149.1646246,9.804,315.4,0,0,
1784908850.3573234,-35.3627381,149.1646055,9.83,315.4,0,0,
1784908850.6051612,-35.3627222,149.1645863,9.855,315.41,0,0,
1784908850.8557227,-35.3627063,149.1645671,9.881,315.41,0,0,
1784908851.1066985,-35.3626904,149.164548,9.906,315.41,0,0,
1784908851.3568711,-35.3626746,149.1645289,9.932,315.42,0,0,
1784908851.6057367,-35.3626587,149.1645098,9.957,315.42,0,0,
1784908851.8563292,-35.3626428,149.1644906,9.983,315.41,0,0,
1784908852.1069582,-35.3626269,149.1644714,10.009,315.41,0,0,
1784908852.3568885,-35.3626109,149.1644522,10.035,315.41,0,0,ATTACK_START
1784908852.6053898,-35.3625949,149.1644329,10.062,315.4,0,0,
1784908852.8561199,-35.3625789,149.1644136,10.088,315.41,0,0,
1784908853.106915,-35.3625629,149.1643943,10.114,315.43,0,0,
1784908853.3614874,-35.3625469,149.1643751,10.14,315.43,0,0,
1784908853.6088126,-35.3625309,149.1643558,10.165,315.43,0,0,
1784908853.8540819,-35.3625149,149.1643365,10.191,315.43,0,0,
1784908853.8540819,-35.3625149,149.1643365,10.191,315.43,0,0,GPS Glitch or Compass error
1784908854.104788,-35.3624989,149.1643172,10.216,315.43,0,0,
1784908854.359894,-35.3624829,149.164298,10.242,315.44,0,0,
1784908854.6072927,-35.362467,149.1642787,10.267,315.43,0,0,
1784908854.857901,-35.362451,149.1642594,10.293,315.44,0,0,
1784908855.1088939,-35.362435,149.1642401,10.32,315.44,0,0,
1784908855.3606315,-35.362419,149.1642209,10.346,315.44,0,0,
1784908855.6041982,-35.3624031,149.1642016,10.372,315.44,0,0,
1784908855.8552833,-35.362387,149.1641823,10.398,315.45,0,0,
1784908856.1065633,-35.362371,149.164163,10.424,315.45,0,0,
1784908856.356779,-35.362355,149.1641437,10.449,315.44,0,0,
1784908856.6056516,-35.3623391,149.1641245,10.475,315.45,0,0,
1784908856.8557525,-35.3623231,149.1641052,10.502,315.45,0,0,
1784908857.1066494,-35.362307,149.1640858,10.528,315.46,0,0,
1784908857.3572311,-35.362291,149.1640665,10.554,315.47,0,0,
1784908857.609495,-35.3622751,149.1640473,10.58,315.46,0,0,
1784908857.8596642,-35.362259,149.164028,10.606,315.47,0,0,
1784908858.1047904,-35.362243,149.1640087,10.631,315.47,0,0,
1784908858.3584175,-35.362227,149.1639894,10.657,315.48,0,0,
1784908858.606282,-35.362211,149.1639701,10.683,315.48,0,0,
1784908858.8568335,-35.362195,149.1639508,10.709,315.48,0,0,
1784908859.1078296,-35.362179,149.1639315,10.735,315.48,0,0,
1784908859.3581913,-35.3621629,149.1639121,10.761,315.48,0,0,
1784908859.6092875,-35.362147,149.1638929,10.787,315.48,0,0,
1784908859.8598251,-35.362131,149.1638736,10.813,315.49,0,0,
1784908860.1050093,-35.3621149,149.1638542,10.839,315.49,0,0,
1784908860.3576784,-35.3620989,149.1638349,10.864,315.49,0,0,
1784908860.6046274,-35.3620829,149.1638156,10.89,315.49,0,0,
1784908860.855221,-35.3620669,149.1637964,10.915,315.5,0,0,
1784908861.1062398,-35.3620509,149.1637771,10.942,315.49,0,0,
1784908861.3567324,-35.3620348,149.1637577,10.968,315.5,0,0,
1784908861.6088388,-35.3620188,149.1637384,10.994,315.5,0,0,
1784908861.8593905,-35.3620028,149.1637192,11.02,315.5,0,0,
1784908862.1068182,-35.3619868,149.1636998,11.046,315.51,0,0,
1784908862.3568661,-35.361915,149.1636855,11.063,315.6,0,0,
1784908862.3568661,-35.361915,149.1636855,11.063,315.6,0,0,EKF3 lane switch 1
1784908862.3568661,-35.361915,149.1636855,11.063,315.6,0,0,EKF3 primary changed:1
1784908862.607829,-35.3618963,149.1636627,11.096,316.56,0,0,
1784908862.85802,-35.3618805,149.1636425,11.133,317.55,0,0,
1784908863.1053112,-35.3618671,149.1636234,11.161,317.86,0,0,
1784908863.355543,-35.3618557,149.1636044,11.184,317.54,0,0,
1784908863.6114838,-35.3618459,149.1635853,11.204,317.29,0,0,
1784908863.8586302,-35.3618373,149.1635657,11.224,317.22,0,0,
1784908864.109954,-35.3618295,149.1635459,11.246,316.18,0,0,
1784908864.3568103,-35.3618215,149.163526,11.269,314.55,0,0,
1784908864.607879,-35.3618128,149.1635063,11.293,312.85,0,0,
1784908864.8586633,-35.3618028,149.1634869,11.319,312.11,0,0,
1784908865.1091235,-35.3617915,149.1634683,11.347,312.5,0,0,
1784908865.3597581,-35.361779,149.1634501,11.374,312.84,0,0,
1784908865.610773,-35.3617653,149.1634323,11.4,313.86,0,0,
1784908865.8555243,-35.3617508,149.1634147,11.425,315.56,0,0,
1784908866.106453,-35.3617359,149.1633969,11.449,316.23,0,0,
1784908866.357189,-35.3617207,149.1633788,11.473,316.14,0,0,
1784908866.60798,-35.3617055,149.1633604,11.499,315.76,0,0,
1784908866.8587432,-35.3616902,149.1633419,11.524,315.57,0,0,
1784908867.1096475,-35.3616749,149.1633233,11.55,315.55,0,0,
1784908867.3600297,-35.3616594,149.1633045,11.575,315.52,0,0,
1784908867.6109817,-35.3616437,149.1632856,11.601,315.48,0,0,
1784908867.855912,-35.3616281,149.1632666,11.627,315.46,0,0,
1784908868.1067414,-35.3616123,149.1632476,11.652,315.46,0,0,
1784908868.3574684,-35.3615965,149.1632286,11.677,315.47,0,0,
1784908868.6091871,-35.3615807,149.1632095,11.703,315.47,0,0,
1784908868.8588648,-35.3615648,149.1631905,11.728,315.49,0,0,
1784908869.1097302,-35.361549,149.1631715,11.753,315.51,0,0,
1784908869.3556638,-35.3615332,149.1631524,11.778,315.52,0,0,
1784908869.6064441,-35.3615172,149.1631332,11.803,315.52,0,0,
1784908869.8570125,-35.3615013,149.1631142,11.829,315.54,0,0,
1784908870.1075563,-35.3614854,149.163095,11.854,315.54,0,0,
1784908870.3590472,-35.3614694,149.1630759,11.88,315.53,0,0,
1784908870.6104999,-35.3614535,149.1630567,11.906,315.54,0,0,
1784908870.8602333,-35.3614375,149.1630375,11.932,315.54,0,0,
1784908871.106066,-35.3614216,149.1630184,11.958,315.54,0,0,
1784908871.3564997,-35.3614058,149.1629993,11.983,315.54,0,0,
1784908871.6057878,-35.3613899,149.1629802,12.009,315.53,0,0,
1784908871.8566117,-35.3613739,149.1629609,12.034,315.53,0,0,
1784908872.1073089,-35.361358,149.1629417,12.06,315.53,0,0,
1784908872.357976,-35.3613421,149.1629225,12.085,315.53,0,0,
1784908872.6086519,-35.3613261,149.1629033,12.111,315.53,0,0,
1784908872.6086519,-35.3613261,149.1629033,12.111,315.53,0,0,Glitch cleared
1784908872.8594232,-35.3613101,149.162884,12.136,315.54,0,0,
1784908873.110184,-35.3612941,149.1628647,12.162,315.54,0,0,
1784908873.3611288,-35.3612781,149.1628454,12.188,315.53,0,0,
1784908873.606161,-35.3612622,149.1628261,12.213,315.53,0,0,
1784908873.8565311,-35.3612461,149.1628068,12.239,315.52,0,0,
1784908874.107275,-35.3612301,149.1627875,12.265,315.53,0,0,
1784908874.3581278,-35.3612142,149.1627683,12.291,315.54,0,0,
1784908874.6088636,-35.3611983,149.1627491,12.317,315.55,0,0,
1784908874.8595889,-35.3611823,149.1627299,12.343,315.55,0,0,
1784908875.1105742,-35.3611663,149.1627106,12.368,315.55,0,0,
1784908875.361285,-35.3611503,149.1626913,12.394,315.55,0,0,
1784908875.6101754,-35.3611342,149.162672,12.42,315.56,0,0,
1784908875.8584948,-35.3611181,149.1626525,12.445,315.55,0,0,
1784908876.111087,-35.3611021,149.1626332,12.471,315.55,0,0,
1784908876.361302,-35.3610861,149.162614,12.497,315.55,0,0,
1784908876.6067939,-35.3610702,149.1625948,12.522,315.54,0,0,
1784908876.8593643,-35.3610542,149.1625755,12.548,315.55,0,0,
1784908877.110296,-35.3610383,149.1625563,12.573,315.55,0,0,
1784908877.3603146,-35.3610223,149.162537,12.598,315.56,0,0,
1784908877.6092687,-35.3610063,149.1625177,12.624,315.56,0,0,
1784908877.859171,-35.3609902,149.1624984,12.651,315.56,0,0,
1784908878.1101918,-35.360974,149.1624789,12.677,315.57,0,0,
1784908878.360924,-35.360958,149.1624596,12.704,315.57,0,0,
1784908878.612093,-35.360942,149.1624403,12.73,315.56,0,0,
1784908878.8586402,-35.3609261,149.1624211,12.755,315.56,0,0,
1784908879.109049,-35.3609101,149.1624018,12.78,315.56,0,0,
1784908879.359878,-35.3608941,149.1623826,12.806,315.56,0,0,
1784908879.6110737,-35.3608782,149.1623634,12.831,315.57,0,0,
1784908879.8612964,-35.3608622,149.162344,12.856,315.57,0,0,
1784908880.1119695,-35.360846,149.1623245,12.882,315.56,0,0,
1784908880.3571577,-35.3608299,149.1623052,12.908,315.56,0,0,
1784908880.6079855,-35.3608139,149.1622858,12.935,315.56,0,0,
1784908880.8585637,-35.3607979,149.1622666,12.961,315.57,0,0,
1784908881.1129055,-35.360782,149.1622474,12.987,315.57,0,0,
1784908881.3621473,-35.360766,149.1622281,13.013,315.56,0,0,
1784908881.6174896,-35.3607501,149.1622089,13.038,315.57,0,0,
1784908881.8623784,-35.3607341,149.1621897,13.063,315.58,0,0,
1784908882.1077883,-35.3607179,149.1621702,13.089,315.58,0,0,
1784908882.3623514,-35.3607019,149.1621509,13.115,315.58,0,0,
1784908882.6120486,-35.3606856,149.1621313,13.15,315.62,0,0,RESET
1784908882.85733,-35.3606696,149.162112,13.173,315.56,0,0,
1784908882.85733,-35.3606696,149.162112,13.173,315.56,0,0,EKF3 lane switch 0
1784908882.85733,-35.3606696,149.162112,13.173,315.56,0,0,EKF3 primary changed:0
1784908883.1161613,-35.3606537,149.1620927,13.195,315.55,0,0,
1784908883.3590353,-35.3606377,149.1620735,13.218,315.55,0,0,
1784908883.6091888,-35.3606218,149.1620542,13.243,315.56,0,0,
1784908883.859538,-35.3606058,149.162035,13.269,315.56,0,0,
1784908883.859538,-35.3606058,149.162035,13.269,315.56,0,0,GPS Glitch or Compass error
1784908884.110105,-35.3605898,149.1620157,13.295,315.56,0,0,
1784908884.361261,-35.3605738,149.1619963,13.321,315.57,0,0,
1784908884.6117113,-35.3605578,149.1619771,13.347,315.57,0,0,
1784908884.8621802,-35.3605418,149.1619578,13.373,315.57,0,0,
1784908885.1101587,-35.3605258,149.1619385,13.398,315.57,0,0,
1784908885.3608532,-35.3605098,149.1619192,13.424,315.57,0,0,
1784908885.6113257,-35.3604938,149.1618999,13.45,315.57,0,0,
1784908885.8571682,-35.3604778,149.1618807,13.475,315.57,0,0,
1784908886.107548,-35.3604618,149.1618614,13.501,315.56,0,0,
1784908886.360193,-35.3604457,149.161842,13.526,315.56,0,0,
1784908886.6113539,-35.3604298,149.1618228,13.552,315.56,0,0,
1784908886.8601954,-35.3604137,149.1618035,13.577,315.58,0,0,
1784908887.1103923,-35.3603977,149.1617841,13.603,315.58,0,0,
1784908887.3614836,-35.3603817,149.1617648,13.63,315.57,0,0,
1784908887.6124523,-35.3603657,149.1617455,13.656,315.56,0,0,
1784908887.8623636,-35.3603497,149.1617262,13.682,315.57,0,0,
1784908888.1075487,-35.3603337,149.1617069,13.707,315.56,0,0,
1784908888.3594635,-35.3603176,149.1616875,13.733,315.56,0,0,
1784908888.609412,-35.3603016,149.1616682,13.759,315.56,0,0,
1784908888.8595483,-35.3602857,149.161649,13.784,315.56,0,0,
1784908889.110278,-35.3602696,149.1616296,13.81,315.57,0,0,
1784908889.36179,-35.3602536,149.1616103,13.836,315.57,0,0,
1784908889.612236,-35.3602376,149.161591,13.861,315.57,0,0,
1784908889.8623774,-35.3602216,149.1615717,13.887,315.57,0,0,
1784908890.1093457,-35.3602056,149.1615525,13.913,315.57,0,0,
1784908890.3605328,-35.3601895,149.1615332,13.939,315.58,0,0,
1784908890.6139028,-35.3601735,149.1615138,13.965,315.58,0,0,
1784908890.8580685,-35.3601575,149.1614946,13.99,315.58,0,0,
1784908891.1096554,-35.3601415,149.1614753,14.016,315.58,0,0,
1784908891.361451,-35.3601255,149.1614559,14.042,315.58,0,0,
1784908891.6122015,-35.3601094,149.1614366,14.068,315.58,0,0,
1784908891.8626652,-35.3600934,149.1614173,14.093,315.57,0,0,
1784908892.1076732,-35.3600774,149.161398,14.119,315.58,0,0,
1784908892.358916,-35.3601378,149.1613984,14.144,315.58,0,0,
1784908892.6109443,-35.3601081,149.1613627,14.17,315.35,0,0,
1784908892.8608353,-35.3600903,149.1613414,14.196,313.9,0,0,
1784908893.111697,-35.3600732,149.1613219,14.222,312.14,0,0,
1784908893.3626971,-35.3600559,149.1613037,14.248,312.92,0,0,
1784908893.6136465,-35.3600383,149.1612863,14.273,314.93,0,0,
1784908893.8593721,-35.3600207,149.161269,14.298,315.99,0,0,
1784908894.1105268,-35.360003,149.1612516,14.323,316.26,0,0,
1784908894.3618288,-35.3599854,149.1612339,14.35,316.35,0,0,
1784908894.6120749,-35.359968,149.1612158,14.377,316.76,0,0,
1784908894.8628116,-35.3599509,149.1611973,14.403,316.95,0,0,
1784908895.1133626,-35.3599342,149.1611784,14.429,316.73,0,0,
1784908895.3602052,-35.3599176,149.1611591,14.455,316.28,0,0,
1784908895.6093557,-35.3599012,149.1611395,14.48,315.9,0,0,
1784908895.8598382,-35.3598849,149.1611198,14.505,315.63,0,0,
1784908896.1106305,-35.3598686,149.1611,14.53,315.44,0,0,
1784908896.3613822,-35.3598522,149.1610801,14.555,315.32,0,0,
1784908896.6128988,-35.3598358,149.1610603,14.581,315.25,0,0,
1784908896.8627958,-35.3598193,149.1610404,14.607,315.23,0,0,
1784908897.1136396,-35.3598028,149.1610208,14.633,315.23,0,0,
1784908897.359833,-35.3597861,149.1610011,14.659,315.25,0,0,
1784908897.6097453,-35.3597693,149.1609814,14.686,315.29,0,0,
1784908897.8602407,-35.3597526,149.160962,14.712,315.32,0,0,
1784908898.1109624,-35.3597358,149.1609426,14.737,315.33,0,0,
1784908898.3627694,-35.359719,149.1609233,14.762,315.21,0,0,
1784908898.6132185,-35.3597021,149.1609041,14.787,314.49,0,0,
1784908898.8631842,-35.359685,149.160885,14.81,313.67,0,0,
1784908899.1113665,-35.3596677,149.1608666,14.833,312.91,0,0,
1784908899.362895,-35.3596499,149.1608489,14.856,312.75,0,0,
1784908899.6107333,-35.3596317,149.1608321,14.88,314.09,0,0,
1784908899.8612912,-35.359614,149.1608165,14.907,315.42,0,0,
1784908900.1127427,-35.3595975,149.1608023,14.927,315.83,0,0,
1784908900.3599417,-35.3595828,149.1607895,14.935,315.42,0,0,
1784908900.611368,-35.3595703,149.1607779,14.936,314.98,0,0,
1784908900.8626032,-35.35956,149.1607676,14.938,314.89,0,0,
1784908901.1136014,-35.3595518,149.1607585,14.945,315.29,0,0,
1784908901.364552,-35.3595449,149.1607507,14.955,315.62,0,0,
1784908901.6127553,-35.3595391,149.1607442,14.966,315.76,0,0,
1784908901.863832,-35.3595344,149.160739,14.975,315.74,0,0,
1784908902.1087685,-35.3595306,149.1607351,14.982,315.62,0,0,
1784908902.3602428,-35.3595278,149.1607324,14.987,315.51,0,0,
1784908902.610023,-35.3595258,149.1607307,14.99,315.47,0,0,
1784908902.8613884,-35.3595246,149.1607298,14.991,315.47,0,0,
1784908902.8613884,-35.3595246,149.1607298,14.991,315.47,0,0,Glitch cleared
1784908903.1119385,-35.359524,149.1607296,14.991,315.43,0,0,
1784908903.3624578,-35.3595239,149.1607299,14.99,315.26,0,0,
1784908903.613335,-35.3595242,149.1607306,14.989,315.08,0,0,
1784908903.86547,-35.3595246,149.1607313,14.988,314.97,0,0,
1784908904.1097817,-35.3595252,149.1607321,14.988,314.92,0,0,
1784908904.3603625,-35.3595257,149.1607328,14.986,314.93,0,0,ENTER_LAND_WAYPOINT
