time_usec,lat,lon,alt_m,vel_cm_s,cog_deg
335363000,-35.3633282,149.1652225,606.44,0,33715
335563000,-35.3633282,149.1652225,606.44,6,31477
335763000,-35.363328,149.1652222,606.44,28,31264
335963000,-35.3633274,149.1652214,606.44,72,31232
336363000,-35.3633242,149.1652171,606.44,191,31195
336563000,-35.3633216,149.1652135,606.44,246,31194
336763000,-35.3633184,149.165209,606.44,297,31205
336963000,-35.3633145,149.1652038,606.45,345,31221
337363000,-35.363305,149.165191,606.45,439,31230
337563000,-35.3632994,149.1651834,606.45,486,31227
337763000,-35.3632932,149.1651751,606.45,533,31223
337963000,-35.3632865,149.165166,606.45,581,31221
338363000,-35.3632712,149.1651455,606.45,677,31219
338563000,-35.3632628,149.165134,606.45,724,31218
338763000,-35.3632538,149.1651218,606.45,767,31216
338963000,-35.3632443,149.165109,606.45,804,31215
339363000,-35.3632242,149.1650817,606.45,865,31214
339563000,-35.3632136,149.1650673,606.45,888,31213
339763000,-35.3632027,149.1650527,606.45,906,31213
339963000,-35.3631917,149.1650377,606.45,922,31213
340363000,-35.3631691,149.1650071,606.45,949,31214
340563000,-35.3631575,149.1649914,606.45,961,31214
340763000,-35.3631459,149.1649757,606.45,970,31214
340963000,-35.3630342,149.1649598,606.45,978,31214
341363000,-35.3630105,149.1649276,606.45,991,31214
341563000,-35.3629985,149.1649114,606.46,996,31215
341763000,-35.3629865,149.1648951,606.46,1000,31215
341963000,-35.3629744,149.1648787,606.46,1003,31215
342363000,-35.3629501,149.1648458,606.46,1008,31214
342563000,-35.3629379,149.1648293,606.46,1010,31213
342763000,-35.3629258,149.1648128,606.46,1011,31212
342963000,-35.3629136,149.1647962,606.46,1012,31212
343363000,-35.3628891,149.1647631,606.46,1014,31211
343563000,-35.3628769,149.1647466,606.47,1014,31210
343763000,-35.3628647,149.16473,606.47,1014,31209
343963000,-35.3628525,149.1647133,606.47,1014,31208
344363000,-35.362828,149.1646802,606.47,1012,31207
344563000,-35.3628158,149.1646636,606.47,1012,31207
344763000,-35.3628037,149.1646471,606.47,1011,31207
344963000,-35.3627915,149.1646305,606.47,1010,31207
345363000,-35.3627672,149.1645975,606.47,1008,31208
345563000,-35.362755,149.1645811,606.47,1007,31209
345763000,-35.3627429,149.1645647,606.46,1006,31209
345963000,-35.3627308,149.1645482,606.46,1005,31210
346363000,-35.3627065,149.1645153,606.46,1004,31211
346563000,-35.3626944,149.1644988,606.46,1004,31211
346763000,-35.3626823,149.1644825,606.46,1004,31211
346963000,-35.3626702,149.1644661,606.46,1003,31211
347363000,-35.3626461,149.1644332,606.46,1002,31211
347563000,-35.362634,149.1644169,606.46,1002,31211
347763000,-35.3626219,149.1644006,606.46,1002,31211
347963000,-35.3626099,149.1643842,606.46,1002,31211
348363000,-35.3625857,149.1643513,606.46,1001,31211
348563000,-35.3625736,149.164335,606.46,1001,31211
348763000,-35.3625615,149.1643186,606.46,1001,31212
348963000,-35.3625495,149.1643023,606.46,1001,31212
349363000,-35.3625254,149.1642695,606.46,1001,31212
349563000,-35.3625133,149.1642532,606.46,1001,31212
349763000,-35.3625012,149.1642368,606.47,1001,31212
349963000,-35.3624892,149.1642205,606.47,1001,31211
350363000,-35.362465,149.1641877,606.47,1001,31211
350563000,-35.362453,149.1641713,606.47,1000,31211
350763000,-35.3624409,149.164155,606.46,1000,31211
350963000,-35.3624289,149.1641387,606.46,1000,31209
351363000,-35.3624053,149.1641062,606.47,959,31073
351563000,-35.3623945,149.1640903,606.48,913,30848
351763000,-35.3623849,149.1640747,606.48,869,30528
351963000,-35.3623764,149.164059,606.48,838,30179
352363000,-35.3623624,149.1640272,606.47,806,29514
352563000,-35.3623567,149.164011,606.46,798,29199
352763000,-35.3623517,149.1639946,606.46,792,28892
352963000,-35.3623474,149.163978,606.46,789,28621
353363000,-35.3623401,149.1639443,606.46,793,28456
353563000,-35.3623364,149.1639274,606.46,799,28605
353763000,-35.362332,149.1639105,606.46,808,28887
353963000,-35.3623269,149.1638937,606.46,821,29251
354363000,-35.3623136,149.1638607,606.46,852,29950
354563000,-35.3623057,149.1638444,606.47,868,30240
354763000,-35.3622969,149.1638283,606.47,882,30504
354963000,-35.3622875,149.1638125,606.47,895,30752
355363000,-35.3622666,149.1637817,606.47,921,31133
355563000,-35.3622555,149.1637665,606.47,936,31205
355763000,-35.3622442,149.1637511,606.47,949,31219
355963000,-35.3622327,149.1637355,606.47,960,31209
356363000,-35.3622093,149.1637038,606.46,977,31201
356563000,-35.3621975,149.1636877,606.46,984,31203
356763000,-35.3621856,149.1636715,606.46,990,31206
356963000,-35.3621737,149.1636553,606.46,994,31210
357363000,-35.3621496,149.1636227,606.46,1002,31219
357563000,-35.3621375,149.1636063,606.47,1005,31225
357763000,-35.3621253,149.16359,606.47,1007,31230
357963000,-35.3621132,149.1635735,606.47,1008,31234
358363000,-35.3620887,149.1635407,606.47,1010,31238
358563000,-35.3620765,149.1635242,606.47,1009,31237
358763000,-35.3620642,149.1635077,606.47,1009,31235
358963000,-35.362052,149.1634912,606.47,1009,31233
359363000,-35.3620276,149.1634584,606.47,1009,31227
359563000,-35.3620154,149.163442,606.46,1008,31224
359763000,-35.3620032,149.1634255,606.46,1007,31222
359963000,-35.3619911,149.1634091,606.46,1005,31220
360363000,-35.3619668,149.1633762,606.46,1004,31216
360563000,-35.3619547,149.1633599,606.46,998,31214
360763000,-35.3619428,149.1633437,606.46,982,31212
360963000,-35.3619311,149.1633279,606.47,952,31210
361363000,-35.3619091,149.163298,606.48,872,31205
361563000,-35.3618989,149.1632841,606.47,829,31202
361763000,-35.3618892,149.1632708,606.47,785,31201
361963000,-35.36188,149.1632584,606.46,740,31199
362363000,-35.3618633,149.1632357,606.45,646,31199
362563000,-35.3618558,149.1632255,606.44,596,31199
362763000,-35.361849,149.1632161,606.44,546,31200
362963000,-35.3618427,149.1632076,606.44,494,31202
363363000,-35.3618321,149.1631932,606.43,387,31205
363563000,-35.3618278,149.1631873,606.43,333,31207
363763000,-35.3618241,149.1631823,606.43,277,31212
363963000,-35.361821,149.1631782,606.43,222,31219
364363000,-35.361817,149.1631727,606.43,111,31252
364563000,-35.361816,149.1631714,606.43,60,31306
364763000,-35.3618155,149.1631708,606.44,21,31542
364963000,-35.3618154,149.1631707,606.44,2,9925
365363000,-35.3618156,149.1631711,606.43,21,12630
365563000,-35.3618158,149.1631714,606.43,23,12638
365763000,-35.3618161,149.1631719,606.43,24,12617
365963000,-35.3618163,149.1631724,606.43,24,12589
366363000,-35.3618168,149.1631732,606.43,23,12531
366563000,-35.3618171,149.1631737,606.43,22,12513
366763000,-35.3618173,149.163174,606.43,21,12509
366963000,-35.3618175,149.1631744,606.43,20,12513
367363000,-35.3618179,149.1631751,606.43,18,12539
367563000,-35.3618181,149.1631754,606.43,16,12571
367763000,-35.3618183,149.1631757,606.43,15,12610
367963000,-35.3618184,149.163176,606.43,13,12659
368363000,-35.3618187,149.1631764,606.44,11,12798
368563000,-35.3618188,149.1631765,606.44,9,12892
368763000,-35.3618189,149.1631767,606.44,8,13000
368963000,-35.361819,149.1631769,606.44,7,13124
369363000,-35.3618192,149.1631771,606.44,5,13443
369563000,-35.3618192,149.1631772,606.44,4,13629
369763000,-35.3618193,149.1631772,606.44,4,13840
369963000,-35.3618194,149.1631773,606.44,3,14102
370363000,-35.3618195,149.1631774,606.44,3,14605
370563000,-35.3618195,149.1631774,606.44,2,14789
370763000,-35.3618196,149.1631775,606.44,2,14892
370963000,-35.3618196,149.1631775,606.44,2,14900
371363000,-35.3618197,149.1631775,606.44,1,14758
371563000,-35.3618197,149.1631775,606.44,1,14667
371763000,-35.3618197,149.1631775,606.43,1,14563
371963000,-35.3618197,149.1631775,606.43,1,14454
372363000,-35.3618198,149.1631777,606.43,1,14221
372563000,-35.3618198,149.1631777,606.43,1,14100
372763000,-35.3618198,149.1631777,606.43,1,13964
372963000,-35.3618199,149.1631777,606.43,1,13875
373363000,-35.3618199,149.1631778,606.43,1,13848
373563000,-35.3618199,149.1631778,606.43,1,13716
373763000,-35.3618199,149.1631778,606.43,0,13554
373963000,-35.3618199,149.1631778,606.43,0,13608
374363000,-35.36182,149.1631778,606.44,0,14557
374563000,-35.36182,149.1631778,606.44,0,14816
374763000,-35.36182,149.1631778,606.44,0,14858
374963000,-35.36182,149.1631779,606.44,0,14671
375363000,-35.36182,149.1631779,606.44,0,13938
375563000,-35.36182,149.1631779,606.44,0,13650
375763000,-35.36182,149.1631779,606.44,0,13690
375963000,-35.36182,149.1631779,606.44,0,13999
376363000,-35.3618201,149.1631779,606.44,0,14892
376563000,-35.3618201,149.1631779,606.44,0,15401
376763000,-35.3618201,149.1631779,606.44,0,15498
376963000,-35.3618201,149.1631779,606.44,0,15170
377363000,-35.3618201,149.1631779,606.44,0,13932
377563000,-35.3618201,149.1631779,606.44,0,13190
377763000,-35.3618201,149.1631779,606.44,0,12439
377963000,-35.3618201,149.1631779,606.44,0,11846
378363000,-35.3618201,149.1631779,606.44,0,11192
378563000,-35.3618201,149.1631779,606.44,0,11204
378763000,-35.3618201,149.1631779,606.44,0,11255
378963000,-35.3618201,149.1631779,606.44,0,11159
379363000,-35.3618201,149.1631779,606.44,0,11406
379563000,-35.3618201,149.163178,606.44,0,11803
379763000,-35.3618201,149.163178,606.44,0,12116
379963000,-35.3618202,149.163178,606.44,0,12347
380363000,-35.3618202,149.163178,606.44,0,12811
380563000,-35.3618202,149.163178,606.44,0,13218
380763000,-35.3618202,149.163178,606.44,0,13633
380963000,-35.3618202,149.163178,606.44,0,13183
381363000,-35.3618202,149.163178,606.44,0,3669
381563000,-35.3618202,149.163178,606.44,0,1534
381763000,-35.3618202,149.163178,606.44,0,451
381963000,-35.3618202,149.163178,606.44,0,309
382363000,-35.3618202,149.163178,606.44,0,1381
382563000,-35.3618202,149.163178,606.44,0,1907
382763000,-35.3618202,149.163178,606.44,0,2089
382963000,-35.3618202,149.163178,606.44,0,1976
383363000,-35.3618202,149.163178,606.44,0,1211
383563000,-35.3618202,149.163178,606.44,0,661
383763000,-35.3618202,149.163178,606.44,0,24
383963000,-35.3618202,149.163178,606.44,0,35538
384363000,-35.3618202,149.163178,606.44,0,35753
384563000,-35.3618202,149.163178,606.44,0,35936
384763000,-35.3618202,149.163178,606.44,0,35330
384963000,-35.3618202,149.163178,606.44,0,33840
385363000,-35.3618202,149.163178,606.44,0,33272
385563000,-35.3618202,149.163178,606.44,0,33662
385763000,-35.3618202,149.163178,606.44,0,33744
385963000,-35.3618202,149.163178,606.44,0,33640
386363000,-35.3618201,149.163178,606.44,0,33107
386563000,-35.3618201,149.163178,606.44,0,33140
386763000,-35.3618201,149.163178,606.44,0,33243
386963000,-35.3618201,149.163178,606.44,0,32537
387363000,-35.3618201,149.163178,606.44,0,26353
387563000,-35.3618201,149.163178,606.44,0,24067
387763000,-35.3618201,149.163178,606.44,0,22628
387963000,-35.3618201,149.163178,606.44,0,21709
388363000,-35.3618201,149.163178,606.44,0,21113
388563000,-35.3618201,149.163178,606.44,0,21125
388763000,-35.3618201,149.163178,606.44,0,20777
388963000,-35.3618201,149.163178,606.44,0,20078
389363000,-35.3618201,149.163178,606.45,0,19190
389563000,-35.3618201,149.163178,606.45,0,18983
389763000,-35.3618201,149.163178,606.45,0,19349
389963000,-35.3618201,149.163178,606.45,0,20346
390363000,-35.3618201,149.163178,606.45,0,21329
390563000,-35.3618201,149.163178,606.45,0,21088
390763000,-35.3618201,149.163178,606.45,0,20815
390963000,-35.3618201,149.163178,606.45,0,20699
391363000,-35.3618201,149.163178,606.45,0,20296
391563000,-35.3618202,149.163178,606.45,0,20020
391763000,-35.3618202,149.163178,606.45,0,19767
391963000,-35.3618202,149.163178,606.45,0,19408
392363000,-35.3618202,149.163178,606.45,0,19472
392563000,-35.3618202,149.163178,606.45,0,20966
392763000,-35.3618202,149.163178,606.45,0,25411
392963000,-35.3618202,149.163178,606.45,0,30938
393363000,-35.3618202,149.163178,606.45,0,32343
393563000,-35.3618202,149.163178,606.45,0,32440
393763000,-35.3618202,149.163178,606.45,0,32249
393963000,-35.3618202,149.163178,606.45,0,31760
394363000,-35.3618202,149.163178,606.45,0,31474
394563000,-35.3618202,149.1631779,606.45,0,31710
394763000,-35.3618202,149.1631779,606.45,0,31875
394963000,-35.3618202,149.1631779,606.45,0,32129
395363000,-35.3618202,149.1631779,606.45,0,34572
395563000,-35.3618202,149.1631779,606.45,0,365
395763000,-35.3618202,149.1631779,606.45,0,1833
395963000,-35.3618202,149.1631779,606.45,0,2820
396363000,-35.3618202,149.1631779,606.45,0,3687
396563000,-35.3618202,149.1631779,606.45,0,4168
396763000,-35.3618202,149.1631779,606.45,0,4745
396963000,-35.3618202,149.1631779,606.45,0,5203
397363000,-35.3618202,149.1631779,606.45,0,5522
397563000,-35.3618202,149.1631779,606.45,0,5578
397763000,-35.3618202,149.1631779,606.45,0,5644
397963000,-35.3618201,149.1631779,606.45,0,5620
398363000,-35.3618201,149.1631779,606.45,0,5410
398563000,-35.3618201,149.163178,606.45,0,5546
398763000,-35.3618201,149.163178,606.45,0,6104
398963000,-35.3618201,149.163178,606.45,0,7157
399363000,-35.3618201,149.163178,606.45,0,9761
399563000,-35.3618201,149.163178,606.45,0,11832
399763000,-35.3618201,149.163178,606.45,0,15922
399963000,-35.3618201,149.163178,606.45,0,18167
400363000,-35.3618201,149.163178,606.45,0,18261
400563000,-35.3618201,149.163178,606.45,0,18065
400763000,-35.3618201,149.163178,606.45,0,18170
400963000,-35.3618201,149.163178,606.45,0,18371
401363000,-35.3618201,149.163178,606.45,0,18843
401563000,-35.3618201,149.163178,606.45,0,18903
401763000,-35.3618201,149.163178,606.45,0,19290
401963000,-35.3618201,149.163178,606.45,0,19557
402363000,-35.3618201,149.163178,606.45,0,19502
402563000,-35.3618201,149.163178,606.45,0,19688
402763000,-35.3618201,149.163178,606.45,0,19813
402963000,-35.3618201,149.163178,606.45,0,19949
403363000,-35.3618201,149.163178,606.45,0,20405
403563000,-35.3618201,149.163178,606.45,0,20582
403763000,-35.3618202,149.163178,606.45,0,20697
403963000,-35.3618202,149.163178,606.45,0,20738
404363000,-35.3618202,149.163178,606.45,0,20772
404563000,-35.3618202,149.163178,606.45,0,21345
404763000,-35.3618202,149.163178,606.45,0,22895
404963000,-35.3618202,149.163178,606.45,0,25647
405363000,-35.3618202,149.163178,606.45,0,30468
405563000,-35.3618202,149.163178,606.45,0,31117
405763000,-35.3618202,149.163178,606.45,0,31682
405963000,-35.3618202,149.163178,606.45,0,31779
406363000,-35.3618202,149.163178,606.45,0,30770
406563000,-35.3618202,149.163178,606.46,0,30291
406763000,-35.3618202,149.163178,606.46,0,29984
406963000,-35.3618202,149.163178,606.46,0,29968
407363000,-35.3618202,149.163178,606.46,0,30524
407563000,-35.3618202,149.163178,606.46,0,31014
407763000,-35.3618202,149.1631779,606.45,0,31477
407963000,-35.3618202,149.1631779,606.45,0,31594
408363000,-35.3618202,149.1631779,606.45,0,31351
408563000,-35.3618202,149.1631779,606.45,0,32181
408763000,-35.3618202,149.1631779,606.45,0,34032
408963000,-35.3618202,149.1631779,606.45,0,35839
409363000,-35.3618202,149.1631779,606.45,0,1624
409563000,-35.3618202,149.1631779,606.45,0,2194
409763000,-35.3618202,149.1631779,606.45,0,2801
409963000,-35.3618202,149.1631779,606.45,0,3413
410363000,-35.3618202,149.1631779,606.45,0,4589
410563000,-35.3618202,149.1631779,606.46,0,4666
410763000,-35.3618202,149.1631779,606.46,0,4309
410963000,-35.3618202,149.1631779,606.46,0,3816
411363000,-35.3618201,149.1631779,606.46,0,3619
411563000,-35.3618201,149.1631779,606.46,0,3972
411763000,-35.3618201,149.1631779,606.46,0,4676
411963000,-35.3618201,149.1631779,606.45,0,6145
412363000,-35.3618201,149.1631779,606.45,0,10893
412563000,-35.3618201,149.1631779,606.45,0,12266
412763000,-35.3618201,149.1631779,606.45,0,12744
412963000,-35.3618201,149.1631779,606.45,0,13002
413363000,-35.3618201,149.163178,606.45,0,13850
413563000,-35.3618201,149.163178,606.45,0,13917
