time_usec,lat,lon,alt,record_type,event
335363000,-35.3633282,149.1652225,606.44,gps,
335563000,-35.3633282,149.1652225,606.44,gps,
335763000,-35.363328,149.1652222,606.44,gps,
335963000,-35.3633274,149.1652214,606.44,gps,
336363000,-35.3633242,149.1652171,606.44,gps,
336563000,-35.3633216,149.1652135,606.44,gps,
336763000,-35.3633184,149.165209,606.44,gps,
336963000,-35.3633145,149.1652038,606.45,gps,
337363000,-35.363305,149.165191,606.45,gps,
337563000,-35.3632994,149.1651834,606.45,gps,
337763000,-35.3632932,149.1651751,606.45,gps,
337963000,-35.3632865,149.165166,606.45,gps,
338363000,-35.3632712,149.1651455,606.45,gps,
338563000,-35.3632628,149.165134,606.45,gps,
338763000,-35.3632538,149.1651218,606.45,gps,
338963000,-35.3632443,149.165109,606.45,gps,
339363000,-35.3632242,149.1650817,606.45,gps,
339563000,-35.3632136,149.1650673,606.45,gps,
339763000,-35.3632027,149.1650527,606.45,gps,
339963000,-35.3631917,149.1650377,606.45,gps,
340363000,-35.3631691,149.1650071,606.45,gps,
340563000,-35.3631575,149.1649914,606.45,gps,
340763000,-35.3631459,149.1649757,606.45,gps,
340963000,-35.3630342,149.1649598,606.45,gps,
341363000,-35.3630105,149.1649276,606.45,gps,
341563000,-35.3629985,149.1649114,606.46,gps,
341763000,-35.3629865,149.1648951,606.46,gps,
341863000,-35.362980449999995,149.1648869,606.46,event,GPS Glitch or Compass error
341963000,-35.3629744,149.1648787,606.46,gps,
342363000,-35.3629501,149.1648458,606.46,gps,
342563000,-35.3629379,149.1648293,606.46,gps,
342763000,-35.3629258,149.1648128,606.46,gps,
342963000,-35.3629136,149.1647962,606.46,gps,
343363000,-35.3628891,149.1647631,606.46,gps,
343563000,-35.3628769,149.1647466,606.47,gps,
343763000,-35.3628647,149.16473,606.47,gps,
343963000,-35.3628525,149.1647133,606.47,gps,
344363000,-35.362828,149.1646802,606.47,gps,
344563000,-35.3628158,149.1646636,606.47,gps,
344763000,-35.3628037,149.1646471,606.47,gps,
344963000,-35.3627915,149.1646305,606.47,gps,
345363000,-35.3627672,149.1645975,606.47,gps,
345563000,-35.362755,149.1645811,606.47,gps,
345763000,-35.3627429,149.1645647,606.46,gps,
345963000,-35.3627308,149.1645482,606.46,gps,
346363000,-35.3627065,149.1645153,606.46,gps,
346563000,-35.3626944,149.1644988,606.46,gps,
346763000,-35.3626823,149.1644825,606.46,gps,
346963000,-35.3626702,149.1644661,606.46,gps,
347363000,-35.3626461,149.1644332,606.46,gps,
347563000,-35.362634,149.1644169,606.46,gps,
347763000,-35.3626219,149.1644006,606.46,gps,
347963000,-35.3626099,149.1643842,606.46,gps,
348363000,-35.3625857,149.1643513,606.46,gps,
348563000,-35.3625736,149.164335,606.46,gps,
348763000,-35.3625615,149.1643186,606.46,gps,
348963000,-35.3625495,149.1643023,606.46,gps,
349363000,-35.3625254,149.1642695,606.46,gps,
349563000,-35.3625133,149.1642532,606.46,gps,
349763000,-35.3625012,149.1642368,606.47,gps,
349963000,-35.3624892,149.1642205,606.47,gps,
350363000,-35.362465,149.1641877,606.47,gps,
350563000,-35.362453,149.1641713,606.47,gps,
350663000,-35.362446950000006,149.16416314999998,606.465,event,EKF3 lane switch: EKF3 lane switch 1 / EKF3 primary changed:1
350763000,-35.3624409,149.164155,606.46,gps,
350963000,-35.3624289,149.1641387,606.46,gps,
351363000,-35.3624053,149.1641062,606.47,gps,
351563000,-35.3623945,149.1640903,606.48,gps,
351763000,-35.3623849,149.1640747,606.48,gps,
351963000,-35.3623764,149.164059,606.48,gps,
352363000,-35.3623624,149.1640272,606.47,gps,
352563000,-35.3623567,149.164011,606.46,gps,
352763000,-35.3623517,149.1639946,606.46,gps,
352963000,-35.3623474,149.163978,606.46,gps,
353363000,-35.3623401,149.1639443,606.46,gps,
353563000,-35.3623364,149.1639274,606.46,gps,
353763000,-35.362332,149.1639105,606.46,gps,
353963000,-35.3623269,149.1638937,606.46,gps,
354363000,-35.3623136,149.1638607,606.46,gps,
354563000,-35.3623057,149.1638444,606.47,gps,
354763000,-35.3622969,149.1638283,606.47,gps,
354963000,-35.3622875,149.1638125,606.47,gps,
355363000,-35.3622666,149.1637817,606.47,gps,
355563000,-35.3622555,149.1637665,606.47,gps,
355763000,-35.3622442,149.1637511,606.47,gps,
355963000,-35.3622327,149.1637355,606.47,gps,
356363000,-35.3622093,149.1637038,606.46,gps,
356563000,-35.3621975,149.1636877,606.46,gps,
356763000,-35.3621856,149.1636715,606.46,gps,
356963000,-35.3621737,149.1636553,606.46,gps,
357363000,-35.3621496,149.1636227,606.46,gps,
357563000,-35.3621375,149.1636063,606.47,gps,
357763000,-35.3621253,149.16359,606.47,gps,
357963000,-35.3621132,149.1635735,606.47,gps,
358363000,-35.3620887,149.1635407,606.47,gps,
358563000,-35.3620765,149.1635242,606.47,gps,
358763000,-35.3620642,149.1635077,606.47,gps,
358963000,-35.362052,149.1634912,606.47,gps,
359363000,-35.3620276,149.1634584,606.47,gps,
359563000,-35.3620154,149.163442,606.46,gps,
359763000,-35.3620032,149.1634255,606.46,gps,
359963000,-35.3619911,149.1634091,606.46,gps,
360363000,-35.3619668,149.1633762,606.46,gps,
360563000,-35.3619547,149.1633599,606.46,gps,
360663000,-35.361948749999996,149.1633518,606.46,event,"Glitch cleared,"
360763000,-35.3619428,149.1633437,606.46,gps,
360963000,-35.3619311,149.1633279,606.47,gps,
361363000,-35.3619091,149.163298,606.48,gps,
361563000,-35.3618989,149.1632841,606.47,gps,
361763000,-35.3618892,149.1632708,606.47,gps,
361963000,-35.36188,149.1632584,606.46,gps,
362363000,-35.3618633,149.1632357,606.45,gps,
362563000,-35.3618558,149.1632255,606.44,gps,
362763000,-35.361849,149.1632161,606.44,gps,
362963000,-35.3618427,149.1632076,606.44,gps,
363363000,-35.3618321,149.1631932,606.43,gps,
363563000,-35.3618278,149.1631873,606.43,gps,
363763000,-35.3618241,149.1631823,606.43,gps,
363963000,-35.361821,149.1631782,606.43,gps,
364363000,-35.361817,149.1631727,606.43,gps,
364563000,-35.361816,149.1631714,606.43,gps,
364763000,-35.3618155,149.1631708,606.44,gps,
364963000,-35.3618154,149.1631707,606.44,gps,
365363000,-35.3618156,149.1631711,606.43,gps,
365563000,-35.3618158,149.1631714,606.43,gps,
365763000,-35.3618161,149.1631719,606.43,gps,
365963000,-35.3618163,149.1631724,606.43,gps,
366363000,-35.3618168,149.1631732,606.43,gps,
366563000,-35.3618171,149.1631737,606.43,gps,
366763000,-35.3618173,149.163174,606.43,gps,
366963000,-35.3618175,149.1631744,606.43,gps,
367363000,-35.3618179,149.1631751,606.43,gps,
367563000,-35.3618181,149.1631754,606.43,gps,
367763000,-35.3618183,149.1631757,606.43,gps,
367963000,-35.3618184,149.163176,606.43,gps,
368363000,-35.3618187,149.1631764,606.44,gps,
368563000,-35.3618188,149.1631765,606.44,gps,
368763000,-35.3618189,149.1631767,606.44,gps,
368963000,-35.361819,149.1631769,606.44,gps,
369363000,-35.3618192,149.1631771,606.44,gps,
369563000,-35.3618192,149.1631772,606.44,gps,
369763000,-35.3618193,149.1631772,606.44,gps,
369963000,-35.3618194,149.1631773,606.44,gps,
370363000,-35.3618195,149.1631774,606.44,gps,
370563000,-35.3618195,149.1631774,606.44,gps,
370763000,-35.3618196,149.1631775,606.44,gps,
370963000,-35.3618196,149.1631775,606.44,gps,
371363000,-35.3618197,149.1631775,606.44,gps,
371563000,-35.3618197,149.1631775,606.44,gps,
371763000,-35.3618197,149.1631775,606.43,gps,
371963000,-35.3618197,149.1631775,606.43,gps,
372363000,-35.3618198,149.1631777,606.43,gps,
372563000,-35.3618198,149.1631777,606.43,gps,
372763000,-35.3618198,149.1631777,606.43,gps,
372963000,-35.3618199,149.1631777,606.43,gps,
373363000,-35.3618199,149.1631778,606.43,gps,
373563000,-35.3618199,149.1631778,606.43,gps,
373763000,-35.3618199,149.1631778,606.43,gps,
373963000,-35.3618199,149.1631778,606.43,gps,
374363000,-35.36182,149.1631778,606.44,gps,
374563000,-35.36182,149.1631778,606.44,gps,
374763000,-35.36182,149.1631778,606.44,gps,
374963000,-35.36182,149.1631779,606.44,gps,
375363000,-35.36182,149.1631779,606.44,gps,
375563000,-35.36182,149.1631779,606.44,gps,
375763000,-35.36182,149.1631779,606.44,gps,
375963000,-35.36182,149.1631779,606.44,gps,
376363000,-35.3618201,149.1631779,606.44,gps,
376563000,-35.3618201,149.1631779,606.44,gps,
376763000,-35.3618201,149.1631779,606.44,gps,
376963000,-35.3618201,149.1631779,606.44,gps,
377363000,-35.3618201,149.1631779,606.44,gps,
377563000,-35.3618201,149.1631779,606.44,gps,
377763000,-35.3618201,149.1631779,606.44,gps,
377963000,-35.3618201,149.1631779,606.44,gps,
378363000,-35.3618201,149.1631779,606.44,gps,
378563000,-35.3618201,149.1631779,606.44,gps,
378763000,-35.3618201,149.1631779,606.44,gps,
378963000,-35.3618201,149.1631779,606.44,gps,
379363000,-35.3618201,149.1631779,606.44,gps,
379563000,-35.3618201,149.163178,606.44,gps,
379763000,-35.3618201,149.163178,606.44,gps,
379963000,-35.3618202,149.163178,606.44,gps,
380363000,-35.3618202,149.163178,606.44,gps,
380563000,-35.3618202,149.163178,606.44,gps,
380763000,-35.3618202,149.163178,606.44,gps,
380963000,-35.3618202,149.163178,606.44,gps,
381363000,-35.3618202,149.163178,606.44,gps,
381563000,-35.3618202,149.163178,606.44,gps,
381763000,-35.3618202,149.163178,606.44,gps,
381963000,-35.3618202,149.163178,606.44,gps,
382363000,-35.3618202,149.163178,606.44,gps,
382563000,-35.3618202,149.163178,606.44,gps,
382763000,-35.3618202,149.163178,606.44,gps,
382963000,-35.3618202,149.163178,606.44,gps,
383363000,-35.3618202,149.163178,606.44,gps,
383563000,-35.3618202,149.163178,606.44,gps,
383763000,-35.3618202,149.163178,606.44,gps,
383963000,-35.3618202,149.163178,606.44,gps,
384363000,-35.3618202,149.163178,606.44,gps,
384563000,-35.3618202,149.163178,606.44,gps,
384763000,-35.3618202,149.163178,606.44,gps,
384963000,-35.3618202,149.163178,606.44,gps,
385363000,-35.3618202,149.163178,606.44,gps,
385563000,-35.3618202,149.163178,606.44,gps,
385763000,-35.3618202,149.163178,606.44,gps,
385963000,-35.3618202,149.163178,606.44,gps,
386363000,-35.3618201,149.163178,606.44,gps,
386563000,-35.3618201,149.163178,606.44,gps,
386763000,-35.3618201,149.163178,606.44,gps,
386963000,-35.3618201,149.163178,606.44,gps,
387363000,-35.3618201,149.163178,606.44,gps,
387563000,-35.3618201,149.163178,606.44,gps,
387763000,-35.3618201,149.163178,606.44,gps,
387963000,-35.3618201,149.163178,606.44,gps,
388363000,-35.3618201,149.163178,606.44,gps,
388563000,-35.3618201,149.163178,606.44,gps,
388763000,-35.3618201,149.163178,606.44,gps,
388963000,-35.3618201,149.163178,606.44,gps,
389363000,-35.3618201,149.163178,606.45,gps,
389563000,-35.3618201,149.163178,606.45,gps,
389763000,-35.3618201,149.163178,606.45,gps,
389963000,-35.3618201,149.163178,606.45,gps,
390363000,-35.3618201,149.163178,606.45,gps,
390563000,-35.3618201,149.163178,606.45,gps,
390763000,-35.3618201,149.163178,606.45,gps,
390963000,-35.3618201,149.163178,606.45,gps,
391363000,-35.3618201,149.163178,606.45,gps,
391563000,-35.3618202,149.163178,606.45,gps,
391763000,-35.3618202,149.163178,606.45,gps,
391963000,-35.3618202,149.163178,606.45,gps,
392363000,-35.3618202,149.163178,606.45,gps,
392563000,-35.3618202,149.163178,606.45,gps,
392763000,-35.3618202,149.163178,606.45,gps,
392963000,-35.3618202,149.163178,606.45,gps,
393363000,-35.3618202,149.163178,606.45,gps,
393563000,-35.3618202,149.163178,606.45,gps,
393763000,-35.3618202,149.163178,606.45,gps,
393963000,-35.3618202,149.163178,606.45,gps,
394363000,-35.3618202,149.163178,606.45,gps,
394563000,-35.3618202,149.1631779,606.45,gps,
394763000,-35.3618202,149.1631779,606.45,gps,
394963000,-35.3618202,149.1631779,606.45,gps,
395363000,-35.3618202,149.1631779,606.45,gps,
395563000,-35.3618202,149.1631779,606.45,gps,
395763000,-35.3618202,149.1631779,606.45,gps,
395963000,-35.3618202,149.1631779,606.45,gps,
396363000,-35.3618202,149.1631779,606.45,gps,
396563000,-35.3618202,149.1631779,606.45,gps,
396763000,-35.3618202,149.1631779,606.45,gps,
396963000,-35.3618202,149.1631779,606.45,gps,
397363000,-35.3618202,149.1631779,606.45,gps,
397563000,-35.3618202,149.1631779,606.45,gps,
397763000,-35.3618202,149.1631779,606.45,gps,
397963000,-35.3618201,149.1631779,606.45,gps,
398363000,-35.3618201,149.1631779,606.45,gps,
398563000,-35.3618201,149.163178,606.45,gps,
398763000,-35.3618201,149.163178,606.45,gps,
398963000,-35.3618201,149.163178,606.45,gps,
399363000,-35.3618201,149.163178,606.45,gps,
399563000,-35.3618201,149.163178,606.45,gps,
399763000,-35.3618201,149.163178,606.45,gps,
399963000,-35.3618201,149.163178,606.45,gps,
400363000,-35.3618201,149.163178,606.45,gps,
400563000,-35.3618201,149.163178,606.45,gps,
400763000,-35.3618201,149.163178,606.45,gps,
400963000,-35.3618201,149.163178,606.45,gps,
401363000,-35.3618201,149.163178,606.45,gps,
401563000,-35.3618201,149.163178,606.45,gps,
401763000,-35.3618201,149.163178,606.45,gps,
401963000,-35.3618201,149.163178,606.45,gps,
402363000,-35.3618201,149.163178,606.45,gps,
402563000,-35.3618201,149.163178,606.45,gps,
402763000,-35.3618201,149.163178,606.45,gps,
402963000,-35.3618201,149.163178,606.45,gps,
403363000,-35.3618201,149.163178,606.45,gps,
403563000,-35.3618201,149.163178,606.45,gps,
403763000,-35.3618202,149.163178,606.45,gps,
403963000,-35.3618202,149.163178,606.45,gps,
404363000,-35.3618202,149.163178,606.45,gps,
404563000,-35.3618202,149.163178,606.45,gps,
404763000,-35.3618202,149.163178,606.45,gps,
404963000,-35.3618202,149.163178,606.45,gps,
405363000,-35.3618202,149.163178,606.45,gps,
405563000,-35.3618202,149.163178,606.45,gps,
405763000,-35.3618202,149.163178,606.45,gps,
405963000,-35.3618202,149.163178,606.45,gps,
406363000,-35.3618202,149.163178,606.45,gps,
406563000,-35.3618202,149.163178,606.46,gps,
406763000,-35.3618202,149.163178,606.46,gps,
406963000,-35.3618202,149.163178,606.46,gps,
407363000,-35.3618202,149.163178,606.46,gps,
407563000,-35.3618202,149.163178,606.46,gps,
407763000,-35.3618202,149.1631779,606.45,gps,
407963000,-35.3618202,149.1631779,606.45,gps,
408363000,-35.3618202,149.1631779,606.45,gps,
408563000,-35.3618202,149.1631779,606.45,gps,
408763000,-35.3618202,149.1631779,606.45,gps,
408963000,-35.3618202,149.1631779,606.45,gps,
409363000,-35.3618202,149.1631779,606.45,gps,
409563000,-35.3618202,149.1631779,606.45,gps,
409763000,-35.3618202,149.1631779,606.45,gps,
409963000,-35.3618202,149.1631779,606.45,gps,
410363000,-35.3618202,149.1631779,606.45,gps,
410563000,-35.3618202,149.1631779,606.46,gps,
410763000,-35.3618202,149.1631779,606.46,gps,
410963000,-35.3618202,149.1631779,606.46,gps,
411363000,-35.3618201,149.1631779,606.46,gps,
411563000,-35.3618201,149.1631779,606.46,gps,
411763000,-35.3618201,149.1631779,606.46,gps,
411963000,-35.3618201,149.1631779,606.45,gps,
412363000,-35.3618201,149.1631779,606.45,gps,
412563000,-35.3618201,149.1631779,606.45,gps,
412763000,-35.3618201,149.1631779,606.45,gps,
412963000,-35.3618201,149.1631779,606.45,gps,
413363000,-35.3618201,149.163178,606.45,gps,
413563000,-35.3618201,149.163178,606.45,gps,
